City_ID,City,Lat,Lng,Max Temp,Humidity,Cloudiness,Wind Speed,Country,Date
0,Thompson,55.7435,-97.8558,-7.44,71,100,4.61,CA,2022-02-07 01:41:27
1,Nha Trang,12.25,109.1833,77.0,78,99,5.46,VN,2022-02-07 01:40:03
2,Hobart,-42.8794,147.3294,78.03,48,20,1.01,AU,2022-02-07 01:43:47
3,Marsh Harbour,26.5412,-77.0636,73.87,74,38,12.35,BS,2022-02-07 01:44:13
4,Kapaa,22.0752,-159.319,79.2,70,20,4.0,US,2022-02-07 01:44:14
5,Hede,33.7681,120.2517,37.0,76,100,5.61,CN,2022-02-07 01:44:14
6,Puerto Leguizamo,-0.1934,-74.7819,73.24,95,86,1.39,CO,2022-02-07 01:44:14
7,Albany,42.6001,-73.9662,20.3,82,10,2.93,US,2022-02-07 01:44:14
8,Busselton,-33.65,115.3333,66.09,56,65,20.0,AU,2022-02-07 01:44:15
9,Mandalgovi,45.7625,106.2708,6.85,62,8,3.31,MN,2022-02-07 01:44:15
10,Bethalto,38.9092,-90.0407,35.33,79,0,5.75,US,2022-02-07 01:44:15
11,Hermanus,-34.4187,19.2345,63.9,92,87,3.89,ZA,2022-02-07 01:44:16
12,Nikolskoye,59.7035,30.7861,35.87,97,100,8.05,RU,2022-02-07 01:44:16
13,Chase,50.8165,-119.6857,37.15,99,65,3.33,CA,2022-02-07 01:44:16
14,Touros,-5.1989,-35.4608,81.5,74,22,9.37,BR,2022-02-07 01:44:16
15,Praia Da Vitoria,38.7333,-27.0667,60.76,94,75,18.05,PT,2022-02-07 01:44:17
16,Butaritari,3.0707,172.7902,82.6,74,86,15.48,KI,2022-02-07 01:44:17
17,Puerto Ayora,-0.7393,-90.3518,73.54,92,19,3.0,EC,2022-02-07 01:44:17
18,Vikhorevka,56.1201,101.1636,13.59,96,100,2.77,RU,2022-02-07 01:44:18
19,Codrington,-38.2667,141.9667,83.23,28,0,9.04,AU,2022-02-07 01:44:18
20,Bat Khela,34.6167,71.9714,46.04,81,76,3.44,PK,2022-02-07 01:44:18
21,Saint George,37.1041,-113.5841,55.99,19,0,18.41,US,2022-02-07 01:41:01
22,Ancud,-41.8697,-73.8203,60.33,87,5,3.74,CL,2022-02-07 01:44:19
23,Tiksi,71.6872,128.8694,-16.83,98,100,6.17,RU,2022-02-07 01:44:19
24,Ponta Do Sol,32.6667,-17.1,63.23,68,5,10.47,PT,2022-02-07 01:44:19
25,New Norfolk,-42.7826,147.0587,77.67,33,0,1.99,AU,2022-02-07 01:44:19
26,Avarua,-21.2078,-159.775,82.45,78,40,17.27,CK,2022-02-07 01:44:20
27,Bengkulu,-3.8004,102.2655,79.0,80,98,9.51,ID,2022-02-07 01:44:20
28,Namatanai,-3.6667,152.4333,85.93,65,100,6.38,PG,2022-02-07 01:44:20
29,Ugoofaaru,5.6667,73.0,80.44,72,62,9.64,MV,2022-02-07 01:44:21
30,Tasiilaq,65.6145,-37.6368,23.16,54,100,56.8,GL,2022-02-07 01:44:21
31,Upernavik,72.7868,-56.1549,-16.49,100,100,7.74,GL,2022-02-07 01:44:21
32,Atuona,-9.8,-139.0333,78.84,74,8,16.75,PF,2022-02-07 01:44:22
33,Floriano,-6.7669,-43.0225,78.21,76,99,3.56,BR,2022-02-07 01:44:07
34,Angoram,-4.0625,144.0661,85.26,72,100,3.4,PG,2022-02-07 01:44:22
35,Acuitzio,20.345,-101.9771,61.23,39,33,6.24,MX,2022-02-07 01:44:22
36,Amot,59.5714,7.9877,28.76,80,26,10.45,NO,2022-02-07 01:44:23
37,Lodja,-3.4833,23.4333,70.05,96,100,2.33,CD,2022-02-07 01:44:23
38,Sistranda,63.7256,8.834,37.36,67,100,26.22,NO,2022-02-07 01:44:23
39,Lavrentiya,65.5833,-171.0,-14.1,95,43,2.46,RU,2022-02-07 01:44:23
40,Rikitea,-23.1203,-134.9692,79.0,71,24,19.19,PF,2022-02-07 01:44:24
41,Hilo,19.7297,-155.09,75.25,89,80,1.01,US,2022-02-07 01:44:24
42,Victoria,22.2855,114.1577,62.94,90,100,1.01,HK,2022-02-07 01:44:25
43,Talnakh,69.4865,88.3972,-28.37,99,56,0.51,RU,2022-02-07 01:44:25
44,Seymchan,62.8833,152.4333,-29.09,94,38,1.54,RU,2022-02-07 01:44:25
45,Faanui,-16.4833,-151.75,81.23,74,100,18.9,PF,2022-02-07 01:44:26
46,Leningradskiy,69.3833,178.4167,-25.65,99,54,2.46,RU,2022-02-07 01:45:26
47,Ushuaia,-54.8,-68.3,62.26,63,75,11.5,AR,2022-02-07 01:42:22
48,Jabonga,9.3431,125.5156,81.63,71,95,2.06,PH,2022-02-07 01:45:26
49,Punta Arenas,-53.15,-70.9167,51.91,87,75,6.91,CL,2022-02-07 01:45:27
50,Vestmanna,62.1564,-7.1664,32.92,55,40,13.8,FO,2022-02-07 01:45:27
51,Lebu,-37.6167,-73.65,59.47,91,1,15.26,CL,2022-02-07 01:45:27
52,Skjervoy,70.0311,20.9714,28.72,61,96,14.03,NO,2022-02-07 01:41:47
53,Barrow,71.2906,-156.7887,-25.58,62,0,12.66,US,2022-02-07 01:45:28
54,Clyde River,70.4692,-68.5914,-30.77,68,0,10.36,CA,2022-02-07 01:45:28
55,Walvis Bay,-22.9575,14.5053,70.75,83,91,4.61,NA,2022-02-07 01:45:28
56,Cabo San Lucas,22.8909,-109.9124,67.3,68,0,2.59,MX,2022-02-07 01:44:34
57,Seoul,37.5683,126.9778,30.61,48,0,1.14,KR,2022-02-07 01:45:29
58,Sherbakul,54.6316,72.3963,-2.33,91,18,7.34,RU,2022-02-07 01:45:29
59,Haines Junction,60.7522,-137.5108,40.95,36,13,13.8,CA,2022-02-07 01:45:30
60,Severo-Kurilsk,50.6789,156.125,32.16,80,100,9.82,RU,2022-02-07 01:45:30
61,Vaini,-21.2,-175.2,78.96,94,100,12.66,TO,2022-02-07 01:45:30
62,Aguimes,27.9054,-15.4461,61.43,77,20,20.71,ES,2022-02-07 01:45:31
63,Sao Gabriel Da Cachoeira,-0.1303,-67.0892,72.82,97,97,1.68,BR,2022-02-07 01:45:31
64,Axim,4.8699,-2.2405,78.19,87,100,4.59,GH,2022-02-07 01:45:31
65,San Clemente,33.427,-117.612,75.52,46,0,1.01,US,2022-02-07 01:45:32
66,Portland,45.5234,-122.6762,54.19,78,32,1.01,US,2022-02-07 01:42:07
67,Tura,25.5198,90.2201,56.55,69,0,1.88,IN,2022-02-07 01:45:33
68,Nshamba,-1.7983,31.5511,61.36,84,100,2.35,TZ,2022-02-07 01:45:33
69,Miguel Hidalgo,19.4225,-99.2028,62.01,46,75,11.5,MX,2022-02-07 01:41:57
70,Mataura,-46.1927,168.8643,60.48,34,11,1.43,NZ,2022-02-07 01:45:33
71,Pitkyaranta,61.5734,31.4792,29.75,97,100,16.82,RU,2022-02-07 01:45:34
72,Tuatapere,-46.1333,167.6833,60.82,44,0,6.76,NZ,2022-02-07 01:45:34
73,Mitu,1.1983,-70.1733,71.82,97,100,1.28,CO,2022-02-07 01:45:35
74,Katsuura,35.1333,140.3,44.71,32,11,7.07,JP,2022-02-07 01:45:35
75,San Jose,37.3394,-121.895,65.91,48,0,1.99,US,2022-02-07 01:45:22
76,Port Alfred,-33.5906,26.891,73.96,78,98,4.9,ZA,2022-02-07 01:45:36
77,Zeya,53.75,127.2667,2.84,68,15,0.63,RU,2022-02-07 01:45:36
78,Hithadhoo,-0.6,73.0833,82.31,70,43,14.9,MV,2022-02-07 01:45:37
79,Jalu,29.0331,21.5482,55.72,33,3,6.73,LY,2022-02-07 01:45:37
80,Sao Joao Da Barra,-21.6403,-41.0511,76.62,88,2,20.69,BR,2022-02-07 01:45:37
81,Skibbereen,51.55,-9.2667,52.11,96,78,8.14,IE,2022-02-07 01:45:38
82,Prainha,-1.8,-53.48,73.36,97,100,2.1,BR,2022-02-07 01:45:38
83,Linxia,35.6003,103.2064,11.98,85,94,1.66,CN,2022-02-07 01:45:38
84,Olafsvik,64.8945,-23.7142,30.72,62,100,31.27,IS,2022-02-07 01:45:39
85,Ribeira Grande,38.5167,-28.7,61.18,84,10,14.58,PT,2022-02-07 01:45:39
86,Jamestown,42.097,-79.2353,31.59,54,0,4.0,US,2022-02-07 01:43:49
87,Los Llanos De Aridane,28.6585,-17.9182,62.35,73,20,21.0,ES,2022-02-07 01:45:39
88,Port Elizabeth,-33.918,25.5701,69.1,77,0,4.61,ZA,2022-02-07 01:45:14
89,Kodinsk,58.6881,99.1844,12.45,96,100,1.39,RU,2022-02-07 01:46:40
90,Cape Town,-33.9258,18.4232,64.27,86,20,1.01,ZA,2022-02-07 01:46:40
91,Kodiak,57.79,-152.4072,36.91,44,100,6.91,US,2022-02-07 01:46:41
92,Yate,51.5407,-2.4184,43.12,84,12,1.01,GB,2022-02-07 01:46:41
93,Manokwari,-0.8667,134.0833,82.47,68,100,4.36,ID,2022-02-07 01:46:41
94,Cacoal,-11.4386,-61.4472,73.18,97,100,3.67,BR,2022-02-07 01:43:39
95,Kirakira,-10.4544,161.9205,85.32,75,100,11.92,SB,2022-02-07 01:46:42
96,Lompoc,34.6391,-120.4579,64.13,66,0,9.22,US,2022-02-07 01:46:42
97,Cherskiy,68.75,161.3,-27.71,99,23,0.34,RU,2022-02-07 01:46:43
98,Bonthe,7.5264,-12.505,77.09,90,96,3.51,SL,2022-02-07 01:46:43
99,Lazaro Cardenas,17.9583,-102.2,76.23,67,13,7.67,MX,2022-02-07 01:46:43
100,Lat Yao,15.751,99.7893,81.52,54,99,0.58,TH,2022-02-07 01:46:44
101,Pacific Grove,36.6177,-121.9166,63.0,71,0,1.01,US,2022-02-07 01:46:44
102,Yafran,32.0633,12.5286,51.53,34,100,5.86,LY,2022-02-07 01:46:45
103,Ambilobe,-13.2,49.05,72.23,95,29,1.72,MG,2022-02-07 01:46:45
104,Saskylakh,71.9167,114.0833,-26.18,100,95,3.74,RU,2022-02-07 01:45:51
105,Lohr,49.9936,9.5783,41.09,87,99,14.63,DE,2022-02-07 01:46:46
106,East London,-33.0153,27.9116,71.08,84,99,14.05,ZA,2022-02-07 01:46:46
107,Half Moon Bay,37.4636,-122.4286,65.01,66,0,1.99,US,2022-02-07 01:46:46
108,Kaiyuan,23.6977,103.3037,53.4,79,20,4.61,CN,2022-02-07 01:46:47
109,Hirara,24.8,125.2833,68.27,60,75,12.66,JP,2022-02-07 01:46:47
110,San Felipe,10.3399,-68.7425,71.13,95,87,3.6,VE,2022-02-07 01:46:47
111,Veinticinco De Mayo,-35.4323,-60.1727,63.99,89,0,3.0,AR,2022-02-07 01:46:48
112,Kem,64.9555,34.5793,12.09,95,100,13.4,RU,2022-02-07 01:46:48
113,Gao,16.6362,1.637,60.78,14,0,12.33,ML,2022-02-07 01:41:59
114,Podporozhye,60.9112,34.1706,25.81,93,100,10.89,RU,2022-02-07 01:46:48
115,Salinopolis,-0.6136,-47.3561,77.54,89,100,7.34,BR,2022-02-07 01:46:49
116,Port Blair,11.6667,92.75,78.84,83,40,4.61,IN,2022-02-07 01:46:49
117,Mount Gambier,-37.8333,140.7667,85.91,20,0,12.66,AU,2022-02-07 01:46:49
118,Dunedin,-45.8742,170.5036,64.8,58,100,4.0,NZ,2022-02-07 01:45:18
119,Qaanaaq,77.484,-69.3632,-11.67,58,32,7.99,GL,2022-02-07 01:45:28
120,Puerto Palomas,31.7667,-107.6167,49.33,30,0,8.03,MX,2022-02-07 01:46:50
121,Bethel,41.3712,-73.414,27.75,77,0,3.44,US,2022-02-07 01:46:50
122,Kyzyl-Suu,42.3414,78.0056,26.29,91,100,4.52,KG,2022-02-07 01:46:50
123,Morsbach,50.8667,7.75,37.29,86,81,14.63,DE,2022-02-07 01:46:51
124,Sao Francisco,-15.9486,-44.8644,67.69,97,100,1.54,BR,2022-02-07 01:46:51
125,Dingle,10.9995,122.6711,82.54,66,56,15.28,PH,2022-02-07 01:46:51
126,Georgetown,5.4112,100.3354,80.53,89,20,0.0,MY,2022-02-07 01:46:12
127,Ostrovnoy,68.0531,39.5131,11.84,88,16,19.71,RU,2022-02-07 01:46:52
128,Khasan,42.4308,130.6434,21.88,48,3,13.11,RU,2022-02-07 01:46:52
129,Hami,42.8,93.45,24.66,37,73,5.84,CN,2022-02-07 01:46:52
130,Salalah,17.0151,54.0924,75.29,25,0,16.11,OM,2022-02-07 01:46:53
131,Lahan,26.7296,86.4951,56.39,70,0,0.74,NP,2022-02-07 01:46:53
132,Mahebourg,-20.4081,57.7,77.29,83,40,6.91,MU,2022-02-07 01:46:53
133,Kuusamo,65.9667,29.1833,21.24,93,100,11.5,FI,2022-02-07 01:46:54
134,Dikson,73.5069,80.5464,-14.06,97,100,15.68,RU,2022-02-07 01:46:54
135,Rawson,-43.3002,-65.1023,65.03,47,0,17.98,AR,2022-02-07 01:46:55
136,Vitim,59.4511,112.5578,8.56,95,100,1.92,RU,2022-02-07 01:47:55
137,Ilulissat,69.2167,-51.1,3.22,60,100,9.22,GL,2022-02-07 01:47:55
138,Northam,51.0333,-4.2167,46.62,79,9,15.61,GB,2022-02-07 01:47:56
139,Alofi,-19.0595,-169.9187,82.29,83,100,8.05,NU,2022-02-07 01:47:56
140,Bathsheba,13.2167,-59.5167,79.41,78,75,14.97,BB,2022-02-07 01:47:56
141,Cayenne,4.9333,-52.3333,80.1,87,75,3.0,GF,2022-02-07 01:47:57
142,Padang,-0.9492,100.3543,78.85,72,100,1.05,ID,2022-02-07 01:47:57
143,Komsomolskiy,40.4272,71.7189,38.12,87,100,4.61,UZ,2022-02-07 01:47:57
144,Tlanalapan,19.25,-97.2667,43.95,82,98,2.3,MX,2022-02-07 01:47:58
145,Bredasdorp,-34.5322,20.0403,62.28,88,12,3.44,ZA,2022-02-07 01:45:49
146,Mirnyy,62.5353,113.9611,-5.03,98,100,2.55,RU,2022-02-07 01:47:58
147,Tuktoyaktuk,69.4541,-133.0374,-27.4,68,75,12.66,CA,2022-02-07 01:45:03
148,Sitka,57.0531,-135.33,44.49,76,100,10.36,US,2022-02-07 01:46:36
149,Ust-Maya,60.4167,134.5333,-22.23,93,84,1.59,RU,2022-02-07 01:47:58
150,Parrita,9.5201,-84.3225,82.17,84,7,2.28,CR,2022-02-07 01:47:59
151,Bellevue,47.6104,-122.2007,48.58,82,20,1.99,US,2022-02-07 01:47:59
152,Saint-Philippe,-21.3585,55.7679,78.39,85,91,13.87,RE,2022-02-07 01:47:59
153,Aban,56.67,96.06,12.15,90,100,5.53,RU,2022-02-07 01:48:00
154,Hoa Binh,20.8133,105.3383,57.09,86,74,2.89,VN,2022-02-07 01:48:00
155,Aklavik,68.2191,-135.0107,-22.97,93,100,18.95,CA,2022-02-07 01:48:00
156,Bluff,-46.6,168.3333,60.8,64,0,12.01,NZ,2022-02-07 01:44:42
157,Aykhal,66.0,111.5,-15.57,100,99,6.35,RU,2022-02-07 01:48:01
158,Mahajanga,-15.7167,46.3167,78.82,89,20,4.61,MG,2022-02-07 01:48:01
159,Mehamn,71.0357,27.8492,18.37,84,86,13.18,NO,2022-02-07 01:48:02
160,Jiancheng,30.391,104.5491,40.21,82,100,6.29,CN,2022-02-07 01:48:02
161,Toucheng,24.8592,121.8233,71.58,82,71,11.79,TW,2022-02-07 01:48:02
162,Ballina,-28.8667,153.5667,77.04,76,40,12.66,AU,2022-02-07 01:48:02
163,Kinsale,51.7075,-8.5306,45.77,87,75,5.75,IE,2022-02-07 01:48:03
164,Grindavik,63.8424,-22.4338,30.67,93,100,35.68,IS,2022-02-07 01:48:03
165,Emba,48.8264,58.1442,12.22,97,100,9.26,KZ,2022-02-07 01:48:03
166,Pevek,69.7008,170.3133,-23.03,98,30,1.01,RU,2022-02-07 01:44:50
167,Marawi,7.9986,124.2928,72.64,53,25,4.05,PH,2022-02-07 01:48:04
168,Hibbing,47.4272,-92.9377,11.8,72,100,9.22,US,2022-02-07 01:48:04
169,Hofn,64.2539,-15.2082,30.2,67,100,12.12,IS,2022-02-07 01:48:04
170,Bandarbeyla,9.4942,50.8122,74.46,75,98,12.48,SO,2022-02-07 01:45:25
171,Caernarfon,53.1413,-4.2702,44.67,48,75,17.27,GB,2022-02-07 01:48:05
172,Tamiahua,21.2667,-97.45,58.66,85,35,1.66,MX,2022-02-07 01:48:05
173,Agudos,-22.4692,-48.9875,79.05,73,20,4.61,BR,2022-02-07 01:48:05
174,Umm Lajj,25.0213,37.2685,65.62,36,0,15.19,SA,2022-02-07 01:48:06
175,Bambanglipuro,-7.95,110.2833,82.94,74,100,5.55,ID,2022-02-07 01:48:06
176,Grand-Santi,4.25,-54.3833,72.45,99,100,2.39,GF,2022-02-07 01:48:06
177,Okhotsk,59.3833,143.3,2.14,70,94,9.31,RU,2022-02-07 01:48:07
178,Nizhnekamsk,55.6366,51.8245,21.99,100,100,4.47,RU,2022-02-07 01:48:07
179,Mount Isa,-20.7333,139.5,87.57,40,75,11.5,AU,2022-02-07 01:48:07
180,Zhoucun,36.8167,117.8167,38.89,39,100,2.04,CN,2022-02-07 01:48:08
181,Esperance,-33.8667,121.9,71.44,53,27,26.98,AU,2022-02-07 01:46:25
182,Karpathos,35.507,27.2132,51.76,82,10,3.44,GR,2022-02-07 01:44:44
183,Vilhena,-12.7406,-60.1458,69.37,98,100,2.98,BR,2022-02-07 01:49:08
184,Tamworth,52.634,-1.6959,39.92,89,4,5.01,GB,2022-02-07 01:49:09
185,Caravelas,-17.7125,-39.2481,76.68,85,43,6.08,BR,2022-02-07 01:49:09
186,Norman Wells,65.282,-126.8329,-12.96,70,100,19.57,CA,2022-02-07 01:49:09
187,Tecoanapa,16.5167,-98.75,79.54,72,49,9.04,MX,2022-02-07 01:49:10
188,Mabaruma,8.2,-59.7833,72.88,98,100,2.91,GY,2022-02-07 01:49:10
189,Arawa,-6.2132,155.5367,88.88,63,100,7.81,PG,2022-02-07 01:49:10
190,Iqaluit,63.7506,-68.5145,-36.31,73,0,3.0,CA,2022-02-07 01:49:11
191,Cidreira,-30.1811,-50.2056,69.22,72,10,9.4,BR,2022-02-07 01:49:11
192,Livingston,55.9029,-3.5226,36.01,81,0,10.36,GB,2022-02-07 01:44:15
193,Mackenzie,55.2999,-123.1698,41.22,60,75,13.8,CA,2022-02-07 01:46:45
194,Zyryanka,65.75,150.85,-27.51,95,24,4.34,RU,2022-02-07 01:49:11
195,Odweyne,9.4092,45.064,62.24,74,96,8.43,SO,2022-02-07 01:49:12
196,Omboue,-1.5746,9.2618,77.22,87,77,5.46,GA,2022-02-07 01:49:12
197,Faya,18.3851,42.4509,48.31,83,10,3.15,SA,2022-02-07 01:49:12
198,Srandakan,-7.9386,110.2506,83.14,73,100,5.3,ID,2022-02-07 01:49:13
199,Erenhot,43.6475,111.9767,6.87,77,3,5.68,CN,2022-02-07 01:49:13
200,Margate,51.3813,1.3862,42.75,68,4,11.01,GB,2022-02-07 01:49:13
201,Saint-Pierre,-21.3393,55.4781,78.48,78,0,6.91,RE,2022-02-07 01:49:14
202,Castro,-24.7911,-50.0119,63.09,80,4,2.48,BR,2022-02-07 01:49:14
203,Aktau,43.65,51.2,39.78,85,100,8.77,KZ,2022-02-07 01:49:15
204,Agirish,61.9247,63.0231,6.21,96,100,7.05,RU,2022-02-07 01:49:15
205,Suwannaphum,15.6035,103.8021,83.39,57,89,5.14,TH,2022-02-07 01:49:16
206,Carmen,18.6333,-91.8333,71.64,83,75,0.0,MX,2022-02-07 01:44:52
207,Hamilton,39.1834,-84.5333,31.42,81,0,0.0,US,2022-02-07 01:44:35
208,Chokurdakh,70.6333,147.9167,-40.41,99,75,2.91,RU,2022-02-07 01:49:16
209,Ovsyanka,55.9575,92.5519,14.97,92,100,5.14,RU,2022-02-07 01:49:17
210,Hun,29.1268,15.9477,55.85,25,98,6.76,LY,2022-02-07 01:49:17
211,Shimoda,34.6667,138.95,44.96,86,99,1.52,JP,2022-02-07 01:49:17
212,Eureka,40.8021,-124.1637,50.13,87,0,1.01,US,2022-02-07 01:45:04
213,Inta,66.0317,60.1659,4.21,85,100,4.68,RU,2022-02-07 01:49:18
214,Ardrishaig,56.0157,-5.4481,37.42,73,77,4.65,GB,2022-02-07 01:49:18
215,Bhawanipatna,19.9,83.1667,60.28,59,100,2.46,IN,2022-02-07 01:49:18
216,Sibolga,1.7427,98.7792,80.94,74,97,0.83,ID,2022-02-07 01:49:19
217,Zambezi,-13.5432,23.1047,64.92,99,100,1.36,ZM,2022-02-07 01:49:19
218,Lubao,14.9167,120.55,82.15,72,97,17.85,PH,2022-02-07 01:49:19
219,Port Hardy,50.6996,-127.4199,46.76,81,100,14.97,CA,2022-02-07 01:45:24
220,Arraial Do Cabo,-22.9661,-42.0278,75.79,90,0,20.27,BR,2022-02-07 01:49:20
221,Asau,46.4333,26.4,38.32,69,100,6.11,RO,2022-02-07 01:49:20
222,Lata,40.1629,-8.3327,46.04,61,12,4.12,PT,2022-02-07 01:49:20
223,Torbay,47.6666,-52.7314,12.76,75,40,16.11,CA,2022-02-07 01:49:21
224,Carnarvon,-24.8667,113.6333,77.07,41,7,20.71,AU,2022-02-07 01:49:21
225,Nguru,12.8791,10.4526,61.7,15,0,10.31,NG,2022-02-07 01:49:21
226,Fort-Shevchenko,44.5086,50.263,35.22,95,87,12.48,KZ,2022-02-07 01:50:22
227,Chuy,-33.6971,-53.4616,63.37,68,13,16.75,UY,2022-02-07 01:45:56
228,Saint-Gabriel,46.3001,-73.3824,8.35,96,100,2.01,CA,2022-02-07 01:50:22
229,Srirampur,22.9489,88.0189,58.84,60,1,1.68,IN,2022-02-07 01:50:23
230,Turukhansk,65.8167,87.9833,-25.38,100,45,3.89,RU,2022-02-07 01:50:23
231,Vestmannaeyjar,63.4427,-20.2734,39.09,83,100,53.42,IS,2022-02-07 01:50:23
232,Katobu,-4.9408,122.5276,82.35,79,99,7.18,ID,2022-02-07 01:50:24
233,Willowmore,-33.2926,23.4895,69.58,59,0,1.07,ZA,2022-02-07 01:50:24
234,Kamenka,51.3223,42.7678,13.5,100,89,5.91,RU,2022-02-07 01:50:24
235,Taywarah,33.35,64.4167,4.82,66,4,5.88,AF,2022-02-07 01:50:25
236,Coquimbo,-29.9533,-71.3436,64.13,82,100,5.75,CL,2022-02-07 01:49:25
237,Yumen,40.2833,97.2,13.39,70,100,10.85,CN,2022-02-07 01:47:08
238,Kaitangata,-46.2817,169.8464,59.94,78,78,8.25,NZ,2022-02-07 01:50:25
239,Mayumba,-3.432,10.6554,76.28,92,51,7.27,GA,2022-02-07 01:50:26
240,Yukamenskoye,57.8865,52.2416,10.58,99,100,4.12,RU,2022-02-07 01:50:26
241,Derbent,42.0678,48.2899,38.71,80,31,11.88,RU,2022-02-07 01:50:27
242,Tyukalinsk,55.8732,72.1967,-6.72,95,91,5.97,RU,2022-02-07 01:50:27
243,Cap Malheureux,-19.9842,57.6142,77.49,86,100,1.99,MU,2022-02-07 01:50:27
244,Shahr-E Babak,30.1165,55.1186,36.7,35,0,0.85,IR,2022-02-07 01:50:28
245,Terracina,41.2863,13.2217,52.9,99,14,7.31,IT,2022-02-07 01:50:28
246,Rio Gallegos,-51.6226,-69.2181,64.45,42,75,28.77,AR,2022-02-07 01:50:28
247,Isoka,-10.1606,32.6335,60.31,96,100,2.01,ZM,2022-02-07 01:50:29
248,Camacha,33.0833,-16.3333,59.76,63,40,10.36,PT,2022-02-07 01:50:29
249,Chegutu,-18.1302,30.1407,58.71,93,9,5.86,ZW,2022-02-07 01:50:29
250,Gambela,8.25,34.5833,74.64,32,100,0.96,ET,2022-02-07 01:50:30
251,Muli,2.9167,73.5667,81.45,63,14,11.41,MV,2022-02-07 01:50:30
252,Lorengau,-2.0226,147.2712,83.32,78,99,7.67,PG,2022-02-07 01:50:30
253,Souillac,-20.5167,57.5167,77.38,83,40,6.91,MU,2022-02-07 01:50:30
254,Berlevag,70.8578,29.0864,19.38,86,53,21.03,NO,2022-02-07 01:50:31
255,Liberal,37.0431,-100.921,36.63,69,0,9.22,US,2022-02-07 01:48:03
256,Shache,38.4167,77.2406,25.72,60,100,3.13,CN,2022-02-07 01:50:31
257,Sioux Lookout,50.1001,-91.917,5.38,92,0,2.3,CA,2022-02-07 01:50:32
258,Ust-Ilimsk,58.0006,102.6619,11.12,96,100,2.86,RU,2022-02-07 01:50:32
259,Cochrane,51.1834,-114.4687,47.44,29,0,23.02,CA,2022-02-07 01:50:32
260,Provideniya,64.3833,-173.3,3.31,66,0,8.95,RU,2022-02-07 01:50:33
261,Mar Del Plata,-38.0023,-57.5575,63.88,79,40,23.0,AR,2022-02-07 01:49:10
262,Souris,49.6172,-100.2612,11.73,96,100,6.04,CA,2022-02-07 01:50:33
263,Nefteyugansk,61.0998,72.6035,-4.86,98,22,10.87,RU,2022-02-07 01:50:33
264,Quelimane,-17.8786,36.8883,76.95,94,20,8.05,MZ,2022-02-07 01:50:34
265,Flinders,-34.5833,150.8552,74.17,67,47,11.99,AU,2022-02-07 01:50:34
266,Kutum,14.2,24.6667,47.77,31,31,8.72,SD,2022-02-07 01:50:34
267,Victoria Point,-27.5833,153.3,83.25,55,44,8.99,AU,2022-02-07 01:50:34
268,Korla,41.7597,86.1469,22.6,49,73,3.51,CN,2022-02-07 01:50:35
269,Xinyang,32.1228,114.0656,31.62,99,100,12.84,CN,2022-02-07 01:50:35
270,Kisangani,0.5167,25.2,68.04,55,100,1.25,CD,2022-02-07 01:47:33
271,Belaya Gora,68.5333,146.4167,-38.34,98,99,1.97,RU,2022-02-07 01:51:35
272,Bulolo,-7.2,146.65,90.54,43,100,2.42,PG,2022-02-07 01:51:36
273,Fort Nelson,58.8053,-122.7002,17.19,93,75,2.3,CA,2022-02-07 01:51:36
274,Abu Samrah,35.3029,37.1841,47.16,89,94,6.2,SY,2022-02-07 01:51:36
275,Qaqortoq,60.7167,-46.0333,9.1,60,100,29.82,GL,2022-02-07 01:48:57
276,Jumla,29.2747,82.1838,37.18,47,90,3.58,NP,2022-02-07 01:51:37
277,Yellowknife,62.456,-114.3525,-0.58,97,75,4.61,CA,2022-02-07 01:51:03
278,Nome,64.5011,-165.4064,-0.33,55,0,13.8,US,2022-02-07 01:51:37
279,Tadine,-21.55,167.8833,84.02,75,99,3.51,NC,2022-02-07 01:51:37
280,Dillon,34.4166,-79.3712,46.38,55,89,7.76,US,2022-02-07 01:51:38
281,Shingu,33.7333,135.9833,43.79,41,85,9.1,JP,2022-02-07 01:51:38
282,Faro,37.0194,-7.9322,55.18,76,40,10.36,PT,2022-02-07 01:51:20
283,Clarence Town,-32.5833,151.7833,76.95,60,85,9.4,AU,2022-02-07 01:51:38
284,Barcelona,41.3888,2.159,50.54,65,20,4.0,ES,2022-02-07 01:48:07
285,Fairbanks,64.8378,-147.7164,-2.9,77,100,0.0,US,2022-02-07 01:50:02
286,Pouebo,-20.4,164.5667,83.34,78,100,7.58,NC,2022-02-07 01:51:39
287,Chicama,-7.8447,-79.1469,66.74,73,99,5.35,PE,2022-02-07 01:51:39
288,Beringovskiy,63.05,179.3167,-12.82,94,19,5.19,RU,2022-02-07 01:51:39
289,Camopi,3.1655,-52.3158,71.85,99,100,1.88,GF,2022-02-07 01:51:39
290,Kulhudhuffushi,6.6221,73.07,80.96,64,5,8.66,MV,2022-02-07 01:51:40
291,Kodinar,20.7903,70.7031,61.79,74,5,6.15,IN,2022-02-07 01:51:40
292,Khatanga,71.9667,102.5,-15.99,98,99,9.55,RU,2022-02-07 01:51:40
293,Kununurra,-15.7667,128.7333,82.38,83,100,5.75,AU,2022-02-07 01:46:44
294,Lubbock,33.6001,-101.8338,44.85,49,20,5.99,US,2022-02-07 01:51:16
295,Saint Anthony,45.0205,-93.218,12.4,68,75,5.01,US,2022-02-07 01:46:45
296,Englehart,47.8169,-79.8664,19.96,93,100,2.3,CA,2022-02-07 01:51:41
297,Naryan-Mar,67.6713,53.087,15.28,87,100,17.16,RU,2022-02-07 01:51:41
298,Kruisfontein,-34.0033,24.7314,66.88,66,0,2.39,ZA,2022-02-07 01:51:41
299,Broken Hill,-31.95,141.4333,80.31,29,0,12.66,AU,2022-02-07 01:50:34
300,Quatre Cocos,-20.2078,57.7625,77.11,84,100,9.55,MU,2022-02-07 01:51:42
301,Breda,45.7225,12.3308,44.01,91,100,5.75,IT,2022-02-07 01:51:42
302,Port-Gentil,-0.7193,8.7815,79.72,84,25,10.76,GA,2022-02-07 01:51:42
303,Baturaja,-4.1333,104.1667,79.27,79,98,0.81,ID,2022-02-07 01:51:43
304,Buala,-8.145,159.5921,87.04,69,95,12.77,SB,2022-02-07 01:51:43
305,Paracatu,-17.2222,-46.8747,66.97,98,100,1.66,BR,2022-02-07 01:51:43
306,Kavieng,-2.5744,150.7967,83.43,72,69,3.09,PG,2022-02-07 01:51:44
307,Brooks,50.5834,-111.8851,44.58,39,2,8.05,CA,2022-02-07 01:51:44
308,Muzaffarabad,34.37,73.4711,46.06,91,100,3.13,PK,2022-02-07 01:51:44
309,Alice Springs,-23.7,133.8833,83.75,28,0,3.44,AU,2022-02-07 01:51:45
310,Biak,-0.9131,122.8766,82.76,65,98,1.86,ID,2022-02-07 01:51:45
311,Sinjai,-5.1241,120.253,85.39,68,72,3.62,ID,2022-02-07 01:51:45
312,Tahta,26.7693,31.5021,48.52,56,0,6.6,EG,2022-02-07 01:51:46
313,Winslow,35.0242,-110.6974,46.58,16,0,9.22,US,2022-02-07 01:51:46
314,Kandrian,-6.2167,149.55,87.1,68,98,8.05,PG,2022-02-07 01:51:46
315,Yabelo,4.8833,38.0833,58.93,31,84,4.74,ET,2022-02-07 01:51:46
316,Harper,4.375,-7.7169,78.94,83,100,6.35,LR,2022-02-07 01:51:47
317,North Bend,43.4065,-124.2243,53.17,92,1,1.41,US,2022-02-07 01:52:47
318,Ulaangom,49.9811,92.0667,-26.77,93,94,2.66,MN,2022-02-07 01:52:47
319,Arbagar,51.9438,116.2805,-5.48,97,87,1.1,RU,2022-02-07 01:52:48
320,Pemangkat,1.1667,108.9667,78.82,87,100,5.41,ID,2022-02-07 01:47:59
321,Iskateley,67.6803,53.1512,15.15,87,100,17.11,RU,2022-02-07 01:52:48
322,Mudon,16.2578,97.7164,77.13,71,98,3.6,MM,2022-02-07 01:52:48
323,Svetlyy,54.675,20.1347,35.96,90,100,17.74,RU,2022-02-07 01:52:49
324,Geraldton,-28.7667,114.6,75.61,38,40,18.41,AU,2022-02-07 01:52:49
325,Irati,-25.4672,-50.6511,61.29,77,1,2.75,BR,2022-02-07 01:52:49
326,Tilichiki,60.4667,166.1,-5.12,78,1,9.13,RU,2022-02-07 01:52:50
327,Raudeberg,61.9875,5.1352,39.2,88,100,5.01,NO,2022-02-07 01:52:50
328,Najran,17.4924,44.1277,50.65,58,26,3.33,SA,2022-02-07 01:52:50
329,Ketchikan,55.3422,-131.6461,46.38,93,100,19.57,US,2022-02-07 01:52:51
330,Koutsouras,35.0339,25.9469,53.11,84,50,6.85,GR,2022-02-07 01:52:51
331,Jaca,42.569,-0.5499,32.2,82,22,6.62,ES,2022-02-07 01:52:51
332,Narsaq,60.9167,-46.05,8.74,81,100,8.08,GL,2022-02-07 01:52:51
333,Walker,30.7335,-95.5669,50.61,61,0,0.0,US,2022-02-07 01:52:52
334,Cienfuegos,22.1461,-80.4356,75.34,73,22,4.61,CU,2022-02-07 01:52:52
335,Mogadishu,2.0371,45.3438,76.03,77,53,19.66,SO,2022-02-07 01:52:53
336,Wewak,-3.5534,143.6268,83.14,76,98,6.02,PG,2022-02-07 01:52:53
337,Port Hedland,-20.3167,118.5667,78.85,100,40,5.75,AU,2022-02-07 01:52:53
338,Verkhnyaya Inta,65.9811,60.3094,8.78,80,100,7.31,RU,2022-02-07 01:49:39
339,Noumea,-22.2763,166.4572,78.78,83,95,13.13,NC,2022-02-07 01:52:53
340,Cockburn Town,21.4612,-71.1419,75.16,64,20,9.22,TC,2022-02-07 01:52:54
341,Miyako,39.6367,141.9525,35.26,43,88,7.11,JP,2022-02-07 01:52:54
342,Banda Aceh,5.5577,95.3222,77.16,86,100,6.08,ID,2022-02-07 01:52:54
343,Onega,63.9061,38.1404,8.38,94,82,11.56,RU,2022-02-07 01:52:55
344,Porto Walter,-8.2686,-72.7439,73.24,97,100,1.7,BR,2022-02-07 01:52:55
345,Nushki,29.5542,66.0215,48.38,31,6,3.47,PK,2022-02-07 01:52:55
346,Sangar,63.9242,127.4739,-29.27,93,98,2.39,RU,2022-02-07 01:52:56
347,Eldorado,-23.7869,-54.2836,72.09,64,68,7.16,BR,2022-02-07 01:52:56
348,Basco,20.4487,121.9702,73.18,75,100,26.26,PH,2022-02-07 01:52:56
349,San Quintin,30.4833,-115.95,58.95,50,0,5.75,MX,2022-02-07 01:50:53
350,West Bay,19.3667,-81.4167,78.01,83,75,1.99,KY,2022-02-07 01:52:57
351,Konotop,51.2403,33.2026,23.29,91,27,10.56,UA,2022-02-07 01:52:57
352,Hasaki,35.7333,140.8333,45.28,37,6,9.13,JP,2022-02-07 01:52:57
353,Itupiranga,-5.1347,-49.3267,73.44,96,100,2.35,BR,2022-02-07 01:52:58
354,Nola,40.922,14.5329,55.54,82,47,6.69,IT,2022-02-07 01:52:58
355,Coari,-4.085,-63.1414,74.28,97,97,2.84,BR,2022-02-07 01:52:58
356,Bowen,-20.0167,148.2333,82.62,55,85,18.52,AU,2022-02-07 01:52:59
357,Pringsewu,-5.3582,104.9744,74.48,94,100,0.51,ID,2022-02-07 01:52:59
358,Svetlogorsk,52.6333,29.7333,32.58,96,100,14.32,BY,2022-02-07 01:52:59
359,Biloela,-24.4167,150.5,85.62,33,21,12.48,AU,2022-02-07 01:53:00
360,Constitucion,-35.3333,-72.4167,58.06,83,0,5.97,CL,2022-02-07 01:53:00
361,Buenos Aires,-34.6132,-58.3772,67.73,77,0,6.91,AR,2022-02-07 01:50:58
362,San Cristobal,7.7669,-72.225,69.98,90,26,1.28,VE,2022-02-07 01:53:00
363,Konza,-1.7426,37.1294,66.38,67,99,5.23,KE,2022-02-07 01:53:01
364,Moratuwa,6.773,79.8816,71.62,75,97,6.26,LK,2022-02-07 01:53:01
365,Bambous Virieux,-20.3428,57.7575,77.25,83,40,6.91,MU,2022-02-07 01:54:01
366,Taltal,-25.4,-70.4833,67.86,73,3,4.27,CL,2022-02-07 01:50:20
367,Daru,-9.0763,143.2092,84.92,72,100,4.5,PG,2022-02-07 01:54:02
368,Palmer,42.1584,-72.3287,22.14,72,20,0.0,US,2022-02-07 01:54:02
369,Henties Bay,-22.116,14.2845,68.86,84,98,5.06,NA,2022-02-07 01:54:02
370,Kaoma,-14.7833,24.8,64.13,98,99,4.99,ZM,2022-02-07 01:54:03
371,Hualmay,-11.0964,-77.6139,70.57,79,100,8.59,PE,2022-02-07 01:54:03
372,Yigou,35.8114,114.3167,38.77,24,100,1.81,CN,2022-02-07 01:54:03
373,Jining,35.405,116.5814,42.01,1,100,2.42,CN,2022-02-07 01:54:03
374,Araouane,18.9048,-3.5265,63.0,13,0,7.96,ML,2022-02-07 01:54:04
375,Nakambala,-15.8324,27.7799,64.15,94,99,3.22,ZM,2022-02-07 01:54:04
376,Ossora,59.2353,163.0719,12.09,82,100,11.48,RU,2022-02-07 01:54:04
377,Vila Franca Do Campo,37.7167,-25.4333,60.19,84,30,11.99,PT,2022-02-07 01:54:05
378,Anito,12.4497,125.2886,83.17,69,46,12.41,PH,2022-02-07 01:54:05
379,Te Anau,-45.4167,167.7167,68.83,42,23,2.89,NZ,2022-02-07 01:54:05
380,Ucar,40.519,47.6542,32.18,49,1,13.91,AZ,2022-02-07 01:54:06
381,Dharchula,29.85,80.5333,46.51,52,10,6.22,IN,2022-02-07 01:54:06
382,Cacu,-18.5567,-51.1308,72.09,97,100,3.98,BR,2022-02-07 01:54:06
383,Burgeo,47.6167,-57.6152,14.34,70,13,11.01,CA,2022-02-07 01:54:07
384,Mersing,2.4312,103.8405,76.91,94,40,8.05,MY,2022-02-07 01:54:07
385,Guerrero Negro,27.9769,-114.0611,61.16,48,0,9.6,MX,2022-02-07 01:53:06
386,Pundaguitan,6.3711,126.1689,80.42,78,61,18.75,PH,2022-02-07 01:54:07
387,Vung Tau,10.346,107.0843,80.37,69,45,6.17,VN,2022-02-07 01:53:53
388,Kabo,7.6994,18.629,67.8,19,1,4.88,CF,2022-02-07 01:54:08
389,Sobolevo,54.4299,31.8996,30.18,94,99,14.34,RU,2022-02-07 01:54:08
390,Tautira,-17.7333,-149.15,86.02,75,91,20.54,PF,2022-02-07 01:53:20
391,Edgewater,28.9889,-80.9023,63.01,100,100,6.91,US,2022-02-07 01:54:09
392,Buchanan,5.8808,-10.0467,78.76,85,84,5.32,LR,2022-02-07 01:54:09
393,Isangel,-19.55,169.2667,82.51,94,100,1.14,VU,2022-02-07 01:52:47
394,Whitehorse,60.7161,-135.0538,33.03,86,75,11.99,CA,2022-02-07 01:49:26
395,Cairns,-16.9167,145.7667,87.06,82,75,10.36,AU,2022-02-07 01:54:09
396,Wanning,18.8003,110.3967,74.01,87,59,6.69,CN,2022-02-07 01:54:10
397,Nanortalik,60.1432,-45.2371,18.88,65,100,42.73,GL,2022-02-07 01:54:10
398,San Matias,-16.3667,-58.4,73.94,93,98,3.02,BO,2022-02-07 01:54:10
399,Alta Floresta,-9.8756,-56.0861,72.39,96,94,1.54,BR,2022-02-07 01:54:11
400,Chara,56.9064,118.2631,-1.1,82,52,1.1,RU,2022-02-07 01:54:11
401,Prince Rupert,54.3161,-130.3201,44.69,81,100,14.97,CA,2022-02-07 01:54:12
402,Mutis,6.2262,-77.4044,77.41,83,9,2.57,CO,2022-02-07 01:54:12
403,Mukhen,48.1,136.1,8.19,83,100,5.32,RU,2022-02-07 01:54:12
404,Lagoa,39.05,-27.9833,59.65,85,7,15.75,PT,2022-02-07 01:54:12
405,Cajaruro,-5.7364,-78.4256,74.79,82,100,1.63,PE,2022-02-07 01:54:13
406,Cuxhaven,53.8718,8.6909,37.6,87,40,19.57,DE,2022-02-07 01:54:13
407,Doha,25.2867,51.5333,58.98,63,0,12.66,QA,2022-02-07 01:54:13
408,Diapaga,12.0708,1.7889,70.99,15,0,9.06,BF,2022-02-07 01:54:14
409,Merauke,-8.4667,140.3333,86.58,64,100,6.6,ID,2022-02-07 01:54:14
410,Curitibanos,-27.2828,-50.5844,54.57,81,56,2.3,BR,2022-02-07 01:54:14
411,Chimoio,-19.1164,33.4833,69.66,100,75,7.78,MZ,2022-02-07 01:54:15
412,Alexandria,31.2156,29.9553,51.76,82,0,3.44,EG,2022-02-07 01:55:15
413,Comodoro Rivadavia,-45.8667,-67.5,66.06,52,0,4.61,AR,2022-02-07 01:55:15
414,Udimskiy,61.1417,45.9144,0.7,100,98,3.18,RU,2022-02-07 01:55:15
415,Yar-Sale,66.8333,70.8333,-9.36,99,46,9.08,RU,2022-02-07 01:55:16
416,Sao Bartolomeu De Messines,37.2602,-8.2867,53.62,75,0,5.32,PT,2022-02-07 01:55:16
417,Hambantota,6.1241,81.1185,77.34,88,40,4.61,LK,2022-02-07 01:55:17
418,Makakilo City,21.3469,-158.0858,76.28,71,1,17.54,US,2022-02-07 01:55:17
419,Nishihara,26.1842,127.7558,63.68,60,75,8.05,JP,2022-02-07 01:55:17
420,Anadyr,64.75,177.4833,-16.1,76,74,6.71,RU,2022-02-07 01:55:18
421,San Patricio,28.017,-97.5169,59.68,82,100,10.83,US,2022-02-07 01:55:18
422,Bilma,18.6853,12.9164,57.7,18,0,8.3,NE,2022-02-07 01:55:18
423,Orlik,52.5178,99.825,-8.7,91,87,1.81,RU,2022-02-07 01:55:18
424,Oktyabrskoye,43.0645,44.7417,24.94,100,98,6.71,RU,2022-02-07 01:55:19
425,Llaillay,-32.85,-70.9667,77.25,63,0,2.77,CL,2022-02-07 01:55:19
426,Argentan,48.75,-0.0167,44.37,91,37,12.46,FR,2022-02-07 01:55:19
427,Slidell,30.2752,-89.7812,48.99,77,0,3.04,US,2022-02-07 01:55:05
428,Kotdwara,29.75,78.5333,49.95,67,9,4.92,IN,2022-02-07 01:55:20
429,Rundu,-17.9333,19.7667,66.34,88,98,5.17,NA,2022-02-07 01:55:20
430,Ahipara,-35.1667,173.1667,75.16,96,95,6.08,NZ,2022-02-07 01:55:20
431,Bukama,-9.2,25.85,67.03,99,100,3.09,CD,2022-02-07 01:55:21
432,Waitati,-45.75,170.5667,63.81,62,100,10.04,NZ,2022-02-07 01:55:21
433,Pedernales,18.0384,-71.744,75.97,72,20,2.57,DO,2022-02-07 01:54:26
434,Wattegama,6.7989,81.4808,76.12,78,95,4.03,LK,2022-02-07 01:55:21
435,Elizabeth City,36.2946,-76.2511,41.05,81,100,10.36,US,2022-02-07 01:51:55
436,Muros,42.7762,-9.0603,51.24,91,24,8.84,ES,2022-02-07 01:55:21
437,Motril,36.7507,-3.5179,57.27,96,7,2.04,ES,2022-02-07 01:55:22
438,Oranjemund,-28.55,16.4333,65.41,78,7,4.34,NA,2022-02-07 01:55:22
439,Mana,5.6592,-53.7767,77.86,85,100,8.25,GF,2022-02-07 01:55:22
440,Tiarei,-17.5333,-149.3333,86.02,74,69,20.58,PF,2022-02-07 01:55:23
441,Peniche,39.3558,-9.3811,52.09,65,8,7.52,PT,2022-02-07 01:55:23
442,Itarema,-2.9248,-39.9167,79.25,76,1,12.28,BR,2022-02-07 01:55:23
443,Zapolyarnyy,69.4154,30.8136,18.68,95,28,7.25,RU,2022-02-07 01:55:23
444,College,64.8569,-147.8028,-3.71,78,100,0.0,US,2022-02-07 01:55:24
445,Nisia Floresta,-6.0911,-35.2086,80.98,77,1,5.48,BR,2022-02-07 01:55:24
446,Batesville,35.7698,-91.641,36.95,74,0,4.0,US,2022-02-07 01:55:24
447,Fortuna,40.5982,-124.1573,54.19,91,0,0.0,US,2022-02-07 01:55:25
448,Tuy Hoa,13.0833,109.3,75.36,86,84,5.84,VN,2022-02-07 01:53:54
449,Gillette,44.2911,-105.5022,31.32,58,0,11.5,US,2022-02-07 01:51:26
450,Avera,33.194,-82.5271,42.67,54,100,8.72,US,2022-02-07 01:55:25
451,Latung,5.5,120.8833,82.04,72,97,8.63,PH,2022-02-07 01:55:26
452,Kerewan,13.4898,-16.0888,69.91,22,0,3.58,GM,2022-02-07 01:55:26
453,Saldanha,-33.0117,17.9442,60.85,99,32,7.25,ZA,2022-02-07 01:55:26
454,Pangnirtung,66.1451,-65.7125,-37.5,96,100,3.98,CA,2022-02-07 01:56:27
455,Kieta,-6.2167,155.6333,87.06,68,100,11.03,PG,2022-02-07 01:56:27
456,Inza,53.8533,46.3586,-1.61,100,91,4.16,RU,2022-02-07 01:56:27
457,High Level,58.5169,-117.136,32.11,80,75,6.91,CA,2022-02-07 01:56:27
458,Saint-Francois,46.4154,3.9054,49.44,88,100,14.97,FR,2022-02-07 01:56:28
459,Floro,61.5996,5.0328,39.16,75,75,27.63,NO,2022-02-07 01:54:39
460,Naze,28.3667,129.4833,54.52,59,100,3.6,JP,2022-02-07 01:56:28
461,Hue,16.4667,107.6,68.11,94,75,2.3,VN,2022-02-07 01:56:29
462,Dolores,-36.3132,-57.6792,57.65,93,16,9.37,AR,2022-02-07 01:56:29
463,Katangli,51.7102,143.2326,9.72,85,100,16.98,RU,2022-02-07 01:56:29
464,Yurty,56.0498,97.6348,14.72,90,100,4.63,RU,2022-02-07 01:56:30
465,Honiara,-9.4333,159.95,84.83,75,100,7.09,SB,2022-02-07 01:56:30
466,Kuloy,61.0305,42.4925,4.71,96,73,5.88,RU,2022-02-07 01:56:30
467,Takoradi,4.8845,-1.7554,79.05,86,100,6.46,GH,2022-02-07 01:56:31
468,Sao Filipe,14.8961,-24.4956,72.61,76,0,5.19,CV,2022-02-07 01:56:31
469,Chabahar,25.2919,60.643,69.4,63,0,11.97,IR,2022-02-07 01:56:31
470,Necochea,-38.5473,-58.7368,60.04,64,95,12.97,AR,2022-02-07 01:55:29
471,Sabha,27.0377,14.4283,52.93,23,25,9.93,LY,2022-02-07 01:56:32
472,Esmeralda,21.8525,-78.1169,69.98,81,0,7.34,CU,2022-02-07 01:56:32
473,Maragogi,-9.0122,-35.2225,78.26,77,28,7.49,BR,2022-02-07 01:56:32
474,Borba,-4.3878,-59.5939,73.42,97,100,2.48,BR,2022-02-07 01:56:33
475,Santa Cruz,-17.8,-63.1667,74.66,73,40,5.75,BO,2022-02-07 01:54:40
476,Kungurtug,50.5994,97.5228,-7.69,89,63,1.45,RU,2022-02-07 01:52:37
477,Desnogorsk,54.1508,33.2815,29.1,95,100,11.16,RU,2022-02-07 01:56:33
478,Gladstone,-23.85,151.25,83.79,47,75,11.5,AU,2022-02-07 01:56:33
479,Coihaique,-45.5752,-72.0662,70.41,56,91,5.75,CL,2022-02-07 01:52:12
480,Babstovo,48.1167,132.4833,1.63,86,38,4.07,RU,2022-02-07 01:56:34
481,Amarpatan,24.3167,80.9833,52.95,45,0,2.46,IN,2022-02-07 01:56:34
482,Dolni Kounice,49.0701,16.4649,44.47,78,20,5.99,CZ,2022-02-07 01:56:34
483,Surin,14.8818,103.4936,78.91,77,100,4.38,TH,2022-02-07 01:56:35
484,La Grande,45.3246,-118.0877,42.04,71,17,6.38,US,2022-02-07 01:56:35
485,Port Lincoln,-34.7333,135.8667,79.43,48,0,17.78,AU,2022-02-07 01:56:35
486,Keffi,8.8486,7.8736,73.44,20,0,3.96,NG,2022-02-07 01:56:36
487,Syamzha,60.0158,41.0614,8.82,96,100,7.09,RU,2022-02-07 01:56:36
488,Luderitz,-26.6481,15.1594,68.68,74,49,3.22,NA,2022-02-07 01:56:36
489,Pisco,-13.7,-76.2167,67.01,88,0,5.75,PE,2022-02-07 01:56:37
490,Sur,22.5667,59.5289,69.21,65,0,11.07,OM,2022-02-07 01:56:37
491,Huarmey,-10.0681,-78.1522,71.44,77,100,6.64,PE,2022-02-07 01:56:37
492,Goderich,43.7501,-81.7165,28.9,68,100,12.66,CA,2022-02-07 01:53:48
493,Annau,37.8876,58.516,31.5,93,20,2.3,TM,2022-02-07 01:56:38
494,Airai,-8.9266,125.4092,74.35,62,5,2.06,TL,2022-02-07 01:56:27
495,Nizwa,22.9333,57.5333,61.21,56,1,2.1,OM,2022-02-07 01:56:38
496,Gourdon,44.75,1.5,47.32,95,100,12.59,FR,2022-02-07 01:56:38
497,Kudahuvadhoo,2.6708,72.8944,81.23,64,24,11.1,MV,2022-02-07 01:56:38
498,Dali,25.7,100.1833,42.6,63,2,2.06,CN,2022-02-07 01:56:39
499,Pinotepa Nacional,16.3167,-98.0167,73.67,78,10,0.36,MX,2022-02-07 01:57:39
500,Ati,13.2154,18.3353,63.34,15,0,11.39,TD,2022-02-07 01:57:39
501,Menomonie,44.8755,-91.9193,17.64,62,96,12.66,US,2022-02-07 01:57:40
502,Gushikawa,26.3544,127.8686,63.63,67,98,11.21,JP,2022-02-07 01:57:40
503,Jatai,-17.8814,-51.7144,69.01,93,100,1.63,BR,2022-02-07 01:57:40
504,Curillo,1.0333,-75.9191,72.75,96,100,1.45,CO,2022-02-07 01:57:41
505,Swidnica,50.8438,16.4886,40.6,90,100,7.07,PL,2022-02-07 01:57:41
506,Wanlaweyn,2.6185,44.8938,71.92,80,63,11.81,SO,2022-02-07 01:57:41
507,Letlhakane,-21.4167,25.5833,66.4,65,0,14.5,BW,2022-02-07 01:57:42
508,Zlitan,32.4674,14.5687,57.04,76,100,2.66,LY,2022-02-07 01:57:42
509,Tarakan,3.3,117.6333,81.9,83,40,9.22,ID,2022-02-07 01:57:42
510,Osa,57.2829,55.4567,13.62,92,100,4.54,RU,2022-02-07 01:57:43
511,Srednekolymsk,67.45,153.6833,-26.46,96,36,1.54,RU,2022-02-07 01:55:46
512,Martapura,-3.4167,114.85,75.29,100,40,6.91,ID,2022-02-07 01:57:43
513,Bemidji,47.4736,-94.8803,1.9,82,0,5.75,US,2022-02-07 01:57:43
514,Sabla,12.7525,4.7077,66.92,15,0,11.32,NG,2022-02-07 01:57:44
515,Katherine,-14.4667,132.2667,86.32,70,75,8.05,AU,2022-02-07 01:57:44
516,San Francisco,37.7749,-122.4194,62.92,71,0,1.99,US,2022-02-07 01:56:47
517,Grande Prairie,55.1667,-118.8027,44.78,49,75,14.97,CA,2022-02-07 01:54:41
518,Nortelandia,-14.4547,-56.8028,73.18,98,100,0.22,BR,2022-02-07 01:57:44
519,Stende,57.15,22.5333,32.74,100,100,2.66,LV,2022-02-07 01:57:45
520,Ixtapa,20.7,-105.2,66.54,90,92,1.54,MX,2022-02-07 01:56:24
521,Ust-Nera,64.5667,143.2,-15.52,79,5,2.73,RU,2022-02-07 01:54:46
522,Aksarka,66.5606,67.7975,-14.73,100,96,6.6,RU,2022-02-07 01:57:45
523,Jiwani,25.05,61.7417,70.23,67,0,6.58,PK,2022-02-07 01:57:45
524,Werda,-25.2667,23.2833,70.86,56,69,8.88,BW,2022-02-07 01:57:46
525,Auki,-8.7676,160.7034,84.81,78,100,11.21,SB,2022-02-07 01:56:09
526,Douglas,41.3,-96.167,34.14,54,0,1.99,US,2022-02-07 01:57:46
527,Stornoway,58.2093,-6.3865,37.04,90,75,5.75,GB,2022-02-07 01:57:46
528,Zhigansk,66.7697,123.3711,-32.46,100,92,3.94,RU,2022-02-07 01:57:47
529,Jaboatao,-8.1803,-35.0014,81.79,69,75,5.75,BR,2022-02-07 01:57:47
530,Bayanday,53.0661,105.5139,12.29,94,100,1.68,RU,2022-02-07 01:57:48
531,Riverton,40.5219,-111.9391,37.02,62,0,1.01,US,2022-02-07 01:56:19
532,Miles City,46.4083,-105.8406,39.51,54,66,10.8,US,2022-02-07 01:57:48
533,Mezhdurechensk,53.6942,88.0603,7.12,96,100,2.59,RU,2022-02-07 01:57:48
534,Garowe,8.4054,48.4845,64.87,83,100,9.53,SO,2022-02-07 01:57:48
535,Barra Do Garcas,-15.89,-52.2567,73.49,95,100,4.12,BR,2022-02-07 01:57:49
536,Edd,13.9297,41.6925,73.76,72,87,6.53,ER,2022-02-07 01:57:49
537,Dongsheng,39.8161,109.9776,17.74,32,100,4.27,CN,2022-02-07 01:57:49
538,Maraa,-1.8333,-65.3667,72.91,92,100,2.75,BR,2022-02-07 01:57:50
539,Toora-Khem,52.4675,96.11,-9.74,98,100,1.12,RU,2022-02-07 01:57:50
540,Clinton,42.587,-82.9199,28.06,73,58,1.01,US,2022-02-07 01:53:46
541,Flin Flon,54.7682,-101.865,3.13,95,100,9.06,CA,2022-02-07 01:57:50
542,Maningrida,-12.0667,134.2667,88.47,61,92,3.18,AU,2022-02-07 01:57:51
543,Chardara,41.2547,67.9692,35.82,98,100,2.19,KZ,2022-02-07 01:57:51
544,Camapua,-19.5314,-54.0439,72.21,95,100,5.23,BR,2022-02-07 01:58:51
545,Kaihua,23.3687,104.28,51.75,82,98,6.15,CN,2022-02-07 01:58:52
546,Elko,41.0002,-115.5012,34.05,56,0,1.86,US,2022-02-07 01:58:52
547,Tokur,53.1333,132.9,-5.1,87,87,0.85,RU,2022-02-07 01:58:52
548,Calatagan,13.8833,120.65,82.54,69,85,18.59,PH,2022-02-07 01:58:52
549,Inhambane,-23.865,35.3833,76.73,81,75,14.16,MZ,2022-02-07 01:58:53
550,Sikonge,-5.6333,32.7667,63.84,96,100,3.33,TZ,2022-02-07 01:57:18
551,Vao,-22.6667,167.4833,80.67,83,54,9.91,NC,2022-02-07 01:58:53
552,Point Pedro,9.8167,80.2333,78.04,65,100,9.71,LK,2022-02-07 01:58:25
553,Soyo,-6.1349,12.3689,76.53,86,100,5.86,AO,2022-02-07 01:55:15
554,Fomboni,-12.28,43.7425,82.29,76,2,9.17,KM,2022-02-07 01:55:05
555,Grand Gaube,-20.0064,57.6608,77.4,86,100,1.99,MU,2022-02-07 01:57:56
556,Ushtobe,45.2514,77.9838,32.25,99,100,13.24,KZ,2022-02-07 01:58:54
557,Jaguarao,-32.5661,-53.3758,61.03,52,0,10.11,BR,2022-02-07 01:58:54
558,Baracoa,20.3467,-74.4958,74.43,80,79,10.63,CU,2022-02-07 01:58:54
559,Sunndalsora,62.6754,8.5515,38.05,97,100,6.69,NO,2022-02-07 01:58:55
560,Kasongo-Lunda,-6.4667,16.8167,69.71,98,100,1.3,CD,2022-02-07 01:58:55
561,Laramie,41.3114,-105.5911,25.16,81,1,6.08,US,2022-02-07 01:55:55
562,Lunca Bradului,46.956,25.1114,35.28,90,98,4.47,RO,2022-02-07 01:58:55
563,Egvekinot,66.3167,-179.1667,-11.78,84,1,8.55,RU,2022-02-07 01:58:56
564,Albi,43.9298,2.148,47.44,87,100,8.01,FR,2022-02-07 01:58:56
565,Qasigiannguit,68.8193,-51.1922,-1.14,98,100,8.52,GL,2022-02-07 01:58:56
566,Zhangye,38.9342,100.4517,15.89,66,1,0.4,CN,2022-02-07 01:58:56
567,Bereda,43.2686,-7.5406,43.92,98,79,1.9,ES,2022-02-07 01:58:57
568,Ballarat,-37.5662,143.8496,78.15,24,0,1.97,AU,2022-02-07 01:58:57
569,Scottsdale,33.5092,-111.899,68.81,12,0,3.0,US,2022-02-07 01:58:57
570,Sarangani,5.4033,125.4636,81.43,77,81,24.27,PH,2022-02-07 01:58:58
571,Krasnoselkup,65.7,82.4667,-22.32,100,40,6.82,RU,2022-02-07 01:58:58
572,Masumbwe,-3.6333,32.1833,62.83,92,100,2.42,TZ,2022-02-07 01:58:58
573,Gouloure,12.2306,-1.9289,71.33,15,0,10.02,BF,2022-02-07 01:58:59
574,Krasnovishersk,60.4078,57.082,7.09,93,100,3.62,RU,2022-02-07 01:58:59
